[
    { "key": "europe", "text": "Europe", "itemType": 2},
    { "key": "WestEurope", "text": "West Europe"},
    { "key": "NorthEurope", "text": "North Europe"},
    { "key": "UKSouth", "text": "UK South"},
    { "key": "UKWest", "text": "UK West" },
    { "key": "middleeast", "text": "Middle East", "itemType": 2 },
    { "key": "UAENorth", "text": "UAE North" },
    { "key": "america", "text": "North America", "itemType": 2 },
    { "key": "CentralUS", "text": "Central US" },
    { "key": "EastUS", "text": "East US" },
    { "key": "EastUS2", "text": "East US2" },
    { "key": "WestUS", "text": "West US" },
    { "key": "WestUS2", "text": "West US2" },
    { "key": "WestCentralUS", "text": "West Central US" },
    { "key": "canada", "text": "Canada", "itemType": 2 },
    { "key": "CanadaCentral", "text": "Canada Central" },
    { "key": "CanadaEast", "text": "Canada East" }
    ]
